title|publisher|eissn|pissn|doajid|categories|language
Acta Palaeontologica Polonica|Institute of Paleobiology PAS|1732-2421|0567-7920|46059ba16ab94e19a321731cfe502983|Fossil man. Human paleontology#Paleontology|EN
Advances in Climate Change Research|KeAi||1674-9278|0640c071461d4b30977133fa22cc9050|Meteorology. Climatology#Social sciences (General)|EN
Advances in Meteorology|Hindawi Limited|1687-9317|1687-9309|87933053b4b74e4aa256bec71a4ad7cc|Meteorology. Climatology|EN
Andean Geology|Servicio Nacional de Geología y Minería (SERNAGEOMIN)|0718-7106|0718-7092|c972b5b4cefd4a31a57c33c6216cf705|Geology|EN#ES
Annales Geophysicae|Copernicus Publications|1432-0576|0992-7689|c8d09e29c8de4cb681da8e3d1fe5af58|Science#Physics#Geophysics. Cosmic physics|EN
Atmosphere|MDPI AG|2073-4433||677770cc75114decb9af82a9ed36196e|Meteorology. Climatology|EN
Atmospheric Chemistry and Physics|Copernicus Publications|1680-7324|1680-7316|d7772f951a1f43b68f4832ea94e3e5c1|Physics#Chemistry|EN
Atmospheric Measurement Techniques|Copernicus Publications|1867-8548|1867-1381|0c8763f43de24b9cb4f6022c14f66259|Environmental engineering#Earthwork. Foundations|EN
Atmospheric Science Letters|Wiley|1530-261X||c0ea8844942543babf4ed92a0da9d386|Meteorology. Climatology|EN
Biogeosciences|Copernicus Publications|1726-4189|1726-4170|489eca183d9443d48bf4a94f4291e152|Ecology#Life#Geology|EN
Boletín de la Sociedad Geológica Mexicana|Sociedad Geológica Mexicana||1405-3322|2c9e46ae9db64675840462131323a824|Geology|EN#ES
Brazilian Journal of Geology|Sociedade Brasileira de Geologia|2317-4692|2317-4889|d2148dce7d8048a09dcdecfdaaae966d|Geology|EN#FR#PT#ES
BSGF - Earth Sciences Bulletin|EDP Sciences|1777-5817|0037-9409|f593ed3dfb524d6b8f33d37a370c16fd|Geology|EN#FR
Bulletin of the Geological Society of Finland|Geological Society of Finland|1799-4632|0367-5211|d93b6079821c49b5b0992e431ff5c043|Geology|EN
Climate of the Past|Copernicus Publications|1814-9332|1814-9324|c6a109ba595f43518f6e76bdc9b397ca|Environmental pollution#Environmental protection#Environmental sciences|EN
The Cryosphere|Copernicus Publications|1994-0424|1994-0416|e55ba36d6ad249a7b2f7a99ebf1ca5f1|Environmental sciences#Geology|EN
Earth and Space Science|American Geophysical Union (AGU)|2333-5084||0e7f14cd95dd4b5caceb5dd16747622b|Astronomy#Geology|EN
Earth, Planets and Space|SpringerOpen|1880-5981|1343-8832|c25ccce518064d56b89fcf9d6d8e3f7a|Geography. Anthropology. Recreation#Geodesy#Geology|EN
Earth's Future|American Geophysical Union (AGU)|2328-4277||292b162ecf7f43d7b038519601ba1ee1|Environmental sciences#Ecology|EN
Earth Surface Dynamics|Copernicus Publications|2196-632X|2196-6311|2ae83e2d8df84ada9a7702235d582d4f|Dynamic and structural geology|EN
Earth System Dynamics|Copernicus Publications|2190-4987|2190-4979|1f3f743da5844d20a64a4c9ce612234a|Science#Geology#Dynamic and structural geology|EN
Earth System Science Data|Copernicus Publications|1866-3516|1866-3508|7abda4c55a304e898af046b7dad395b6|Environmental sciences#Geology|EN
Egyptian Journal of Remote Sensing and Space Sciences|Elsevier||1110-9823|2e73af0f7dde4bdcac2f4a0961b3d425|Geodesy|EN
Elementa: Science of the Anthropocene|BioOne|2325-1026||c7371e51d0c94ebab9f8a5a8872ee70e|Environmental sciences|EN
Environmental Research Letters|IOP Publishing|1748-9326||eddad91945dd48c29143fa50ee6e3846|Environmental technology. Sanitary engineering#Environmental sciences#Science#Physics|EN
Frontiers in Earth Science|Frontiers Media S.A.|2296-6463||42206db19d47471ba85416f70032883f|Science|EN
Geochemical Perspectives Letters|European Association of Geochemistry|2410-3403|2410-339X|9a9a751c2a5c44f9a4c35fa6ab0ab376|Geology#Chemistry|EN
Geochemical Transactions|BMC|1467-4866||b37eb0f92d4f4499a70ba20bb79b0068|Environmental sciences#Chemistry|EN
Geodinamica Acta|Taylor & Francis Group|1778-3593|0985-3111|391334cb48d442cfaf7c8d36d0426a3c|Engineering geology. Rock mechanics. Soil mechanics. Underground construction#Geology|EN
Geofizika|University of Zagreb, Faculty of Science, Department of Geophysics, Andrija Mohorovičić Geophysical Institute |1846-6346|0352-3659|c7bedf3aaee24fa393ab36d0e3fa27c9|Geophysics. Cosmic physics|EN
Geofluids|Hindawi-Wiley|1468-8123|1468-8115|c54a8e0be50e4a29bca78d223679b398|Geology|EN
Geologica Acta|Universitat de Barcelona (UB), Geociències Barcelona (Geo3BCN), Institut de Diagnosi Ambiental i Estudis de l'Aigua (IDAEA), Universitat Autònoma de Barcelona (UAB)|1696-5728|1695-6133|28d71ff9963c491d80c36262a2db49d8|Science#Geology|EN
Geologica Carpathica|Sciendo|1336-8052||eb8d4e0836fb4cc8862e762ce17dc357|Geology|EN
Geomatics, Natural Hazards & Risk|Taylor & Francis Group|1947-5713|1947-5705|582643b977ef4d8bac848f5aaa223c02|Environmental technology. Sanitary engineering#Environmental sciences#Risk in industry. Risk management|EN
Geoscience Data Journal|Wiley|2049-6060||d6515ea3e58a4938919349b2a3eaeac5|Meteorology. Climatology|EN
Geoscience Frontiers|Elsevier||1674-9871|eddde16d144444e69112f14fccc486e9|Geology|EN
Geoscience Letters|SpringerOpen|2196-4092||dfdd42be68ba47b7831ef9e57e3d5719|Science#Geology|EN
Geoscientific Instrumentation, Methods and Data Systems|Copernicus Publications|2193-0864|2193-0856|11828468f24e442b8f664ae8c5ecf589|Geophysics. Cosmic physics|EN
Geoscientific Model Development|Copernicus Publications|1991-9603|1991-959X|ea0b1e1d10ab4c7780424949da622b40|Geology|EN
Geo-spatial Information Science|Taylor & Francis Group|1993-5153|1009-5020|104461a7c5cf477dac2112678ed7aa79|Mathematical geography. Cartography#Geodesy|EN
Geosphere|Geological Society of America|1553-040X||ab36490cc8974eeca2121f5da11fbfd8|Geology#Geophysics. Cosmic physics|EN
Geothermal Energy|SpringerOpen|2195-9706||3a6aeedd9ce94839b3b76cf3b238684d|Renewable energy sources#Geology|EN
History of Geo- and Space Sciences|Copernicus Publications|2190-5029|2190-5010|3d62fab2765a44678743779b91320235|Science#Geology#Dynamic and structural geology#Physics#Geophysics. Cosmic physics|EN
Hydrology and Earth System Sciences|Copernicus Publications|1607-7938|1027-5606|9fced324deb2449f9369e450594cbc65|Technology#Environmental technology. Sanitary engineering#Geography. Anthropology. Recreation#Environmental sciences|EN
IEEE Journal of Selected Topics in Applied Earth Observations and Remote Sensing|IEEE|2151-1535|1939-1404|ff00c641bf3046758ab4cd92b2e765db|Ocean engineering#Geophysics. Cosmic physics|EN
International Journal of Disaster Risk Science|SpringerOpen|2192-6395|2095-0055|c04d0af5c10040db80c3ae7545ad7f40|Disasters and engineering|EN
International Journal of Speleology|Società Speleologica Italiana|1827-806X|0392-6672|c49f2c28c3f648b6a62a268595682f40|Biology (General)#Geology|EN
ISPRS International Journal of Geo-Information|MDPI AG||2220-9964|6b8e10ce82164eb89180b9e95bde0360|Geography (General)|EN
Journal of Advances in Modeling Earth Systems|American Geophysical Union (AGU)|1942-2466||c160ec8945d64586aa56eb0e1edecaf8|Physical geography#Oceanography|EN
Journal of Glaciology|Cambridge University Press|1727-5652|0022-1430|327fa8cef0c846e9a5f0a5b8dbcb4575|Environmental sciences#Meteorology. Climatology|EN
Journal of Maps|Taylor & Francis Group|1744-5647||2e93cbccdf684ef5af2382be6ea2bfde|Maps|EN
Journal of Micropalaeontology|Copernicus Publications|2041-4978|0262-821X|3542b6a1935b43d3a3242bc667547f51|Geology|EN
Journal of Palaeogeography|SpringerOpen|2524-4507|2095-3836|b81906d21d314da295098ea4e1d045a6|Paleontology|EN
Journal of Petroleum Exploration and Production Technology|SpringerOpen|2190-0566|2190-0558|027ef23f33fa406da2f2536ee41ee079|Petroleum refining. Petroleum products#Petrology|EN
Journal of the Meteorological Society of Japan|Meteorologial Society of Japan||0026-1165|ad0b557de1354e1ab46b184b3a0d979b|Meteorology. Climatology|EN
Lithosphere|Geological Society of America|1947-4253|1941-8264|662dde5985094f6d8e46c905fc28e347|Geology|EN
Meteorologische Zeitschrift|Borntraeger|1610-1227|0941-2948|b26d158ac559479d98f4f54102aed19f|Meteorology. Climatology|EN
Minerals|MDPI AG|2075-163X||291006fefd8d47eaa242a5bd2e145e6e|Mineralogy|EN
Natural Hazards and Earth System Sciences|Copernicus Publications|1684-9981|1561-8633|f481d8d19c0f4aea8ef24a7192f49b8d|Environmental technology. Sanitary engineering#Geography. Anthropology. Recreation#Environmental sciences#Geology|EN
Netherlands Journal of Geosciences|Cambridge University Press|1573-9708|0016-7746|cc54847bde2b4385a4bea6de0722a809|Engineering geology. Rock mechanics. Soil mechanics. Underground construction#Geology|EN
Nonlinear Processes in Geophysics|Copernicus Publications|1607-7946|1023-5809|8276a07bbee440ba9fe5847c5dcad716|Science#Physics#Geophysics. Cosmic physics|EN
npj Climate and Atmospheric Science|Nature Publishing Group|2397-3722||2a7f16ef6da84e43b6a6b024c9b2e4c0|Environmental sciences#Meteorology. Climatology|EN
Oceanography|The Oceanography Society|2377-617X|1042-8275|8d68356d240a40c68aeaba5147860d38|Oceanography|EN
Ocean Science|Copernicus Publications|1812-0792|1812-0784|523134445b52416981626934c7921dc2|Geography. Anthropology. Recreation#Environmental sciences|EN
Open Geosciences|De Gruyter|2391-5447||0bdf8c97cc7c4a8e8ccabd8403ef04d4|Geology|EN
Palaeontologia Electronica|Coquina Press|1094-8074|1935-3952|050ef065db35439496fab5d529af91ee|Paleontology|EN
Polar Research| Norwegian Polar Institute|1751-8369|0800-0395|a721458cb2dc4007b87e5b1e6873865b|Environmental sciences#Oceanography|EN
Progress in Earth and Planetary Science|SpringerOpen|2197-4284||b39e7dbfce504ab3868b461505944945|Geography. Anthropology. Recreation#Geology|EN
Remote Sensing|MDPI AG||2072-4292|486dc6d5d5dc490c9e7bc614e94a22cd|Science|EN
Revista Mexicana de Ciencias Geológicas|Universidad Nacional Autónoma de México ||1026-8774|bf487200ff65455db10dbd1123a811d4|Geology|EN#ES
Rivista Italiana di Paleontologia e Stratigrafia|Università degli Studi di Milano|2039-4942|0035-6883|07f42843cf12478e9d3929179db75040|Geology#Paleontology|EN
SOLA|Meteorologial Society of Japan|1349-6476||ca9c763070c949bc9b7f1d0c95ea5c33|Meteorology. Climatology|EN
Solid Earth|Copernicus Publications|1869-9529|1869-9510|cb623c4a248d46789196bfe25dcd069c|Geology#Stratigraphy|EN
Swiss Journal of Geosciences|SpringerOpen|1661-8734|1661-8726|0cbeb1bdbb504b53a55b16d9a85af313|Geology|EN
Swiss Journal of Palaeontology|SpringerOpen|1664-2384|1664-2376|b295a2d10d1e4557b70905da3fdf0a6d|Fossil man. Human paleontology#Paleontology|EN
Tellus: Series A, Dynamic Meteorology and Oceanography|Taylor & Francis Group|1600-0870||693953592eb8430981b83ee00ec74b24|Oceanography#Meteorology. Climatology|EN
Tellus: Series B, Chemical and Physical Meteorology|Taylor & Francis Group|1600-0889||24b32f936b5e4aa698fadd4e097394c8|Meteorology. Climatology|EN
Terrestrial, Atmospheric and Oceanic Sciences|Chinese Geoscience Union|2311-7680|1017-0839|5e6ae50315ef4abc847b15e6f954b361|Geography (General)#Geology|EN
Weather and Climate Extremes|Elsevier|2212-0947||ea1f93704ca940f4985b02ad11e4e9aa|Meteorology. Climatology|EN
Abakós|Pontifícia Universidade Católica de Minas Geais|2316-9451||485d2f4bc4614e9c8ba92b85866a061f|Technology (General)#Information technology|EN#PT
Acta Universitatis Sapientiae: Mathematica|Sciendo|2066-7752||fe52e0b5e95946cda04967aa0d79d22b|Mathematics|EN
Advances in Difference Equations|SpringerOpen|1687-1847|1687-1839|8455be9d293440b481db1c49592cc1e9|Mathematics|EN
Advances in Fuzzy Systems|Hindawi Limited|1687-711X|1687-7101|7fbb4bf8acfe4ba88e495335ff9cefb3|Electrical engineering. Electronics. Nuclear engineering#Computer software|EN
Advances in Group Theory and Applications|Aracne|2499-1287||c04d42cf631a48daaab15651399ea719|Mathematics|EN
Advances in Nonlinear Analysis|De Gruyter|2191-950X|2191-9496|438a0024d406443fb8839dfafd73a1f2|Analysis|EN
AIMS Mathematics|AIMS Press|2473-6988||c79c8f3d19784e08a59a6719ef1186cc|Mathematics|EN
AKCE International Journal of Graphs and Combinatorics|Taylor & Francis Group|2543-3474|0972-8600|63db2170373f40c7bd27e0f50ce812f1|Mathematics|EN
Algebraic Geometry|Foundation Compositio Mathematica|2214-2584|2313-1691|b974102bb8fc4bc4be38e3fda8026491|Mathematics|EN
Analele Stiintifice ale Universitatii Ovidius Constanta: Seria Matematica|Ovidius University, Constanta |1844-0835|1224-1784|608068bce78f4963b8fb754f5fe23232|Mathematics|EN
Analysis and Geometry in Metric Spaces|De Gruyter|2299-3274||c8f4ecc16eb84f3c97fa3abd677ab500|Analysis|EN
Annales Academiae Scientiarum Fennicae: Mathematica|Academia Scientiarum Fennica|1798-2383|1239-629X|7f339fc09e9d4febad4688ca6a4e5b3d|Mathematics|EN
Annales Universitatis Paedagogicae Cracoviensis: Studia Mathematica |Wydawnictwo Naukowe Uniwersytetu Pedagogicznego|2300-133X|2081-545X|bd457786e92d4b9caf8773fdc6e22a8c|Mathematics|EN#FR#DE
Applied General Topology|Universitat Politècnica de València|1989-4147|1576-9402|e02d501cea4449da90a0a5b7090cbfd4|Mathematics#Analysis|EN
Arabian Journal of Mathematics|SpringerOpen|2193-5351|2193-5343|0570c65ad61a4ea9bad5d9ca42dd6143|Applied mathematics. Quantitative methods#Mathematics|EN
Archivum Mathematicum|Masarykova Universita|1212-5059|0044-8753|86fdd9bc9978499f9fd1a46aeaa6f6e4|Mathematics|EN
Armenian Journal of Mathematics|Republic of Armenia National Academy of Sciences|1829-1163||978be3471fe44250864a833945c1c8aa|Mathematics|EN
Austrian Journal of Statistics|Austrian Statistical Society||1026-597X|725a82f5411d4dd9a94b435d81b92774|Probabilities. Mathematical statistics#Statistics|EN
Axioms|MDPI AG||2075-1680|d40cde664ac6471e9993beabbe7f9fd0|Mathematics|EN
Boletim da Sociedade Paranaense de Matemática|Sociedade Brasileira de Matemática|2175-1188|0037-8712|6c67b57948b84591852016e5edd089ed|Mathematics|EN#PT
Boundary Value Problems|SpringerOpen|1687-2770|1687-2762|36277d7e5db748ffb27c6759c8a07a88|Analysis|EN
Bruno Pini Mathematical Analysis Seminar|University of Bologna||2240-2829|fb2cd5cfcbf24cc79decbd2e94c8eea3|Analysis|EN#IT
Bulletin of Computational Applied Mathematics|Universidad Simón Bolívar|2244-8659||a8db155b7d804b2f9dd6795413bccd11|Mathematics|EN
"Известия Иркутского государственного университета: Серия ""Математика"" "|Irkutsk State University|2541-8785|1997-7670|4ee2c2a0bb644211a53b0f762f3a1da0|Mathematics|EN#RU
Bulletin of Mathematical Sciences|World Scientific Publishing|1664-3615|1664-3607|7b810c8890914b1a88e57e0213633f8b|Mathematics|EN
Karpatsʹkì Matematičnì Publìkacìï|Vasyl Stefanyk Precarpathian National University|2313-0210|2075-9827|942d86ea1b2b4738b30d925ffe38758e|Mathematics|EN#UK
Categories and General Algebraic Structures with Applications|Shahid Beheshti University|2345-5861|2345-5853|630814f3903246ed94d6282a3e58929c|Mathematics|EN
Cogent Mathematics|Taylor & Francis Group|2331-1835||1e3a5d762df749aa832448ef25f76516|Mathematics|EN
Cogent Mathematics & Statistics|Taylor & Francis Group|2574-2558||3099f4ff910e4301b020e26888bc561e|Mathematics|EN
Communications in Applied and Industrial Mathematics|Sciendo|2038-0909||770ea525c8814096a8863af942e01e4c|Applied mathematics. Quantitative methods|EN
Complexity|Hindawi-Wiley|1099-0526|1076-2787|dd0e70796d1a4542b562cfc5cf438a61|Electronic computers. Computer science|EN
Complex Manifolds|De Gruyter|2300-7443||2f3138b661d646ac926af81997aaf9d8|Mathematics|EN
Computational and Mathematical Methods in Medicine|Hindawi Limited|1748-6718|1748-670X|055256215d4d4f74995c52640f84d80f|Computer applications to medicine. Medical informatics|EN
Advances in Bioinformatics|Hindawi Limited|1687-8035|1687-8027|16e8e7f622924393ad5ad930c1852afe|Biology (General)#Statistics|EN
Algorithms for Molecular Biology|BMC|1748-7188||0f88b402435e4dbeb5166d3e0eddbeef|Biology (General)#Genetics|EN
Archives of Control Sciences|Polish Academy of Sciences|2300-2611|1230-2384|ab5fbacf7c044bb2bfbe2ef39a12fa7c|Information technology#Mathematics|EN
BioData Mining|BMC|1756-0381||6251d70bb9944bad8f1205fc20f31743|Computer applications to medicine. Medical informatics#Analysis|EN
BMC Bioinformatics|BMC|1471-2105||6f520b8fdb2e48df93a9a7bde5cd89b9|Computer applications to medicine. Medical informatics#Biology (General)|EN
Cancer Informatics|SAGE Publishing|1176-9351||34d0f8e6f2854de586f09fe4d2269708|Neoplasms. Tumors. Oncology. Including cancer and carcinogens|EN
Computational Ecology and Software|International Academy of Ecology and Environmental Sciences|2220-721X||0820f23b681245f2bca8ab6f50148432|Technology (General)#Science|EN
Computational Intelligence and Neuroscience|Hindawi Limited|1687-5273|1687-5265|d5709d57d99242e49393dd97f5e01ea3|Computer applications to medicine. Medical informatics#Neurosciences. Biological psychiatry. Neuropsychiatry|EN
Computational Linguistics|The MIT Press|1530-9312|0891-2017|e81b8d65a28c456197a018934635f25a|Computational linguistics. Natural language processing|EN
Computational Methods for Differential Equations|University of Tabriz|2383-2533|2345-3982|cfd89acb56af491b886fb07503f9d77f|Applied mathematics. Quantitative methods|EN
Concrete Operators|De Gruyter|2299-3282||bd7d6eb2bb9045c488c88d18933640e1|Mathematics|EN
Cuadernos del CIMBAGE|Universidad de Buenos Aires|1669-1830|1666-5112|e152d76bfa904aba84218d68b4907235|Management. Industrial management#Business#Economics as a science|EN#ES
Database: The Journal of Biological Databases and Curation|Oxford University Press|1758-0463||7130ab1e1de947e1b27bd3d8e304252d|Computer applications to medicine. Medical informatics#Biology (General)|EN
Demonstratio Mathematica|De Gruyter|2391-4661||fb0ecf1cd7c54611b02296810441a9e8|Mathematics|EN
Dependence Modeling|De Gruyter|2300-2298||c7837f5c8caf4128be0ac06709898059|Science (General)#Mathematics|EN
Discrete Mathematics & Theoretical Computer Science|Discrete Mathematics & Theoretical Computer Science|1365-8050|1462-7264|c95ec0a5734c44b88c87906cced7de6b|Mathematics|EN
Discussiones Mathematicae Graph Theory|Sciendo|2083-5892||d5a867264f9b4d7dab25cafac00bb23d|Mathematics|EN
Dolomites Research Notes on Approximation|Padova University Press|2035-6803||77a7b9ab25ef4c8fb1560ee7bedea23b|Mathematics|EN
Electronic Journal of Combinatorics|Electronic Journal of Combinatorics|1077-8926||c11f24db6c824eefa106d741953b9716|Mathematics|EN
Electronic Journal of Differential Equations|Texas State University||1072-6691|daf91ecc65be4654b8b6101798af0ff3|Mathematics|EN
Electronic Journal of Graph Theory and Applications|Indonesian Combinatorial Society (InaCombS); Graph Theory and Applications (GTA) Research Centre; University of Newcastle, Australia; Institut Teknologi Bandung (ITB), Indonesia||2338-2287|de0626f0fe8d4e419bffed9e64fd87d0|Mathematics|EN
Electronic Journal of Qualitative Theory of Differential Equations|University of Szeged|1417-3875||e44239e0ed0f4e95898945b1a1aba038|Mathematics|EN
Épijournal de Géométrie Algébrique|Association Epiga|2491-6765||7bee5edd8b624496ba8872f5de2e7964|Mathematics|EN#FR
EPJ Data Science|SpringerOpen|2193-1127||8406de3d349944e295c226b6483c0e82|Computer applications to medicine. Medical informatics|EN
Evolutionary Bioinformatics|SAGE Publishing|1176-9343||91358c163bed4ce5a179f04c8005aeab|Evolution|EN
Financial Innovation|SpringerOpen|2199-4730||e8ebf34a66b2489ba9e4095345e96cdf|Public finance#Finance|EN
Formalized Mathematics|Sciendo|1898-9934|1426-2630|8e7494309a454956a45a2c308be80801|Mathematics|EN
Fractal and Fractional |MDPI AG|2504-3110||6b843ed23fc44934babcab982721de62|Thermodynamics#Mathematics#Analysis|EN
Frontiers in Computational Neuroscience|Frontiers Media S.A.|1662-5188||1e338ba5d95d49eaa5aa999c9d44bc5f|Neurosciences. Biological psychiatry. Neuropsychiatry|EN
Frontiers in Neuroinformatics|Frontiers Media S.A.|1662-5196||8574edb1ace043cdabc0c6f9751d5603|Neurosciences. Biological psychiatry. Neuropsychiatry|EN
Frontiers in Neurorobotics|Frontiers Media S.A.|1662-5218||0d4f500d96484417bd70f421621a7053|Neurosciences. Biological psychiatry. Neuropsychiatry|EN
Fuzzy Information and Engineering|Taylor & Francis Group|1616-8666|1616-8658|49b0d51cf7b94f4099d2969495474858|Engineering (General). Civil engineering (General)#Mathematics|EN
Image Analysis and Stereology|Slovenian Society for Stereology and Quantitative Image Analysis|1854-5165|1580-3139|517d76765d0547f3a9dea967dbe61d20|Medicine (General)#Mathematics|EN
Infectious Disease Modelling|KeAi|2468-0427||22d7b43da02449539b90fc9a2b9e1d38|Infectious and parasitic diseases|EN
International Electronic Journal of Algebra|International Electronic Journal of Algebra|1306-6048||b11cbf43fdad4017ac750898382f1f11|Mathematics|EN
International Journal Bioautomation|Bulgarian Academy of Sciences|1314-2321|1314-1902|89774ca4931f47fcb31a0583a13f3814|Biology (General)|EN
International Journal of Advanced Robotic Systems|SAGE Publishing|1729-8814||e7135061d1be4832a87708ea40ba3ab6|Electronics#Electronic computers. Computer science|EN
International Journal of Analysis and Applications|Etamaths Publishing||2291-8639|4db78d6234f744dd97149a4dade7715d|Probabilities. Mathematical statistics#Analysis|EN
International Journal of Applied Mathematics and Computer Science|Sciendo|2083-8492||2836ef2e3a7f430e889c532b43f07af5|Mathematics#Electronic computers. Computer science|EN
International Journal of Differential Equations|Hindawi Limited|1687-9651|1687-9643|3e64153de15c4521bb3dfa5b55fc7535|Mathematics|EN
International Journal of Group Theory|University of Isfahan|2251-7669|2251-7650|88d6fb7fe80d42da856e8883c7ce0d8b|Mathematics|EN
International Journal of Interactive Multimedia and Artificial Intelligence|Universidad Internacional de La Rioja (UNIR)||1989-1660|1e5758f9ff94458b97622ec6568edcb0|Technology|EN
International Journal of Mathematical, Engineering and Management Sciences|International Journal of Mathematical, Engineering and Management Sciences|2455-7749||70583631a32246e1b61293df0e01f2a3|Technology#Mathematics|EN
International Journal of Mathematics for Industry|World Scientific Publishing|2661-3344|2661-3352|2355ca3a041d4021a025e644a76432c0|Applied mathematics. Quantitative methods#Mathematics|EN
Journal de l'École polytechnique. Mathématiques|Ecole polytechnique|2270-518X|2429-7100|9a7f0c817a0b49f9ba8bef1fabaedd15|Mathematics|EN#FR
Journal of Applied Mathematics and Computational Mechanics|The Publishing Office of Czestochowa University of Technology|2353-0588|2299-9965|725dbdfe51574135826fab5690cace2b|Applied mathematics. Quantitative methods|EN
Journal of Applied Mathematics, Statistics and Informatics|Sciendo|1339-0015||766d9c0657d74162bf51e312e77bebfd|Mathematics#Probabilities. Mathematical statistics|EN
Journal of Electrical Systems and Information Technology|SpringerOpen|2314-7172||030251172d7c484bae73d362337b64a5|Electrical engineering. Electronics. Nuclear engineering#Information technology|EN
Journal of Biological Dynamics|Taylor & Francis Group|1751-3766|1751-3758|29530b275b2b40ebb7f3d77887f27860|Environmental sciences#Biology (General)|EN
Journal of Biomedical Semantics|BMC|2041-1480||28e3d8d78c53438fba5d3846af6d69b1|Computer applications to medicine. Medical informatics|EN
Journal of Causal Inference|De Gruyter|2193-3685||877d1616ee0044609c7c7b3c0b54b330|Mathematics#Probabilities. Mathematical statistics|EN
Journal of Computational Geometry|Carleton University||1920-180X|2b78eaa064c3452d9cbe6be1251e19aa|Computer software#Analysis|EN
Journal of Formalized Reasoning|University of Bologna|1972-5787||51ad357b11f94b63940db561a3735fc0|Electronic computers. Computer science#Analytic mechanics|EN
Journal of Function Spaces|Hindawi Limited|2314-8888|2314-8896|fd3928c15fd94c8daa0caf64db90d737|Mathematics|EN
Journal of Humanistic Mathematics|Claremont Colleges Library|2159-8118||2db8a2c9382e40908ea525deb2a4c832|Mathematics|EN
Journal of Inequalities and Applications|SpringerOpen|1029-242X||d0b7426875294ea69762478e1d4f6cbf|Mathematics|EN
Journal of Integrative Bioinformatics|De Gruyter|1613-4516||828ec21f0f6140028d2a27514dd61770|Biotechnology|EN
Journal of Logic and Analysis|Journal of Logic and Analysis|1759-9008||7e75f31bcd174b1e946412d2d1801a51|Mathematics|EN
Journal of Mathematical Extension|Islamic Azad University||1735-8299|7a0a7ac0806443b987cbbac7388bd2dd|Mathematics|EN
Journal of Mathematical Neuroscience|SpringerOpen|2190-8567||62e12f5a3afd48caa7cc0f9bfc6e0daf|Neurosciences. Biological psychiatry. Neuropsychiatry#Mathematics|EN
Journal of Mathematics|Hindawi Limited|2314-4785|2314-4629|5fdf4e051e3943acb36931310f2b3cce|Mathematics|EN
Journal of Mathematics in Industry|SpringerOpen|2190-5983||359ed6feabe24c7cba03ffb73c6e985c|Mathematics#Industry|EN
Journal of Probability and Statistics|Hindawi Limited|1687-9538|1687-952X|baae5675798d41d2b87fcbea0e6cef2e|Probabilities. Mathematical statistics|EN
Journal of Statistical Theory and Applications (JSTA)|Atlantis Press|2214-1766|1538-7887|251dccdea5d046078c98be6a049c93d1|Probabilities. Mathematical statistics|EN
Le Matematiche|Università degli Studi di Catania|2037-5298|0373-3505|b5b75bda702042808cb3c63ed79e774b|Mathematics|EN#FR#IT
Matematički Vesnik|Mathematical Society of Serbia|2406-0682|0025-5165|7165945aab19437e8e888724aa7ac90f|Mathematics|EN
Mathematica Bohemica|Institute of Mathematics of the Czech Academy of Science|2464-7136|0862-7959|2245bbb9039e4059ba1d82e5920d7078|Mathematics|EN
Mathematical and Computational Applications|MDPI AG|2297-8747|1300-686X|813b17d85b66441d835eb2d8063074ee|Applied mathematics. Quantitative methods#Mathematics#Electronic computers. Computer science|EN
Mathematical Biosciences and Engineering|AIMS Press|1551-0018||41744885030c4994bef9c73a59db86ad|Biotechnology#Mathematics|EN
Mathematical Communications|Department of Mathematics, J.J. Strossmayer University of Osijek in cooperation with the Osijek Mathematical Society|1848-8013|1331-0623|1c9b9bc87b354b5da6ce0a7680c68ff3|Mathematics|EN
Mathematical Modelling and Analysis|Vilnius Gedinimas Technical University|1648-3510|1392-6292|621af0f72ef64bf491dcd82018281e52|Mathematics|EN
Mathematical Problems in Engineering|Hindawi Limited|1563-5147|1024-123X|a5f4e5d9bfae417d90712a776e41649a|Engineering (General). Civil engineering (General)#Mathematics|EN
Mathematics|MDPI AG|2227-7390||a0bc0ed771a04fe69abed76c2c03beab|Mathematics|EN
Mathematics in Engineering|AIMS Press|2640-3501||1e46d10e961c42239419e67d40205ee4|Applied mathematics. Quantitative methods|EN
Mediterranean Journal of Clinical Psychology|University of Messina|2282-1619||5c808f0d92cb43a4adf95fb5bf0d512d|Psychology|EN
Methodology|PsychOpen|1614-2241|1614-1881|3f600816b8124ddf9f04130d9e2efe9e|Psychology|EN
Methoden, Daten, Analysen|GESIS - Leibniz-Institute for the Social Sciences, Mannheim|2190-4936|1864-6956|1647a67d11564992ad282cd6661108ae|Social Sciences#Statistics|EN
Methods of Functional Analysis and Topology| Institute of Mathematics NAS of Ukraine |2415-7503|1029-3531|543fb9da20b34e169ff5ac6ada31b8ed|Analysis|EN
Modeling, Identification and Control|Norwegian Society of Automatic Control|1890-1328|0332-7353|f1a2b0dcd8ae4ab5b75fd5c888cdcac4|Electronic computers. Computer science|EN
Modern Stochastics: Theory and Applications|VTeX|2351-6054|2351-6046|0c0dfd44ce5c4bb7ba5e8ca11db7143d|Applied mathematics. Quantitative methods#Mathematics|EN
Nonlinear Analysis|Vilnius University Press|2335-8963|1392-5113|99af4e3bd044455ba22df48c215d33c9|Analysis|EN
Note di Matematica|Università del Salento|1590-0932|1123-2536|d7b3f10431fe4701b75be7f41f4a777f|Mathematics|EN
npj Systems Biology and Applications|Nature Publishing Group|2056-7189||d685b92833b24247a47fc1ccc3e2d72a|Biology (General)|EN
Open Mathematics|De Gruyter|2391-5455||fc3b8e2d2174414197b4bf927a2bcc4d|Mathematics|EN
Operations Research and Decisions|Wrocław University of Science and Technology|2391-6060|2081-8858|25bfdb1cbfe044e59e6df27eb777a3bb|Management. Industrial management#Economic growth, development, planning|EN
Opuscula Mathematica|AGH Univeristy of Science and Technology Press|2300-6919|1232-9274|7d7ffc7cf52a429da3dc4724a1c9404c|Applied mathematics. Quantitative methods|EN
PLoS Computational Biology|Public Library of Science (PLoS)|1553-7358|1553-734X|b4c52c82a9b146df8c348fbce28ec158|Biology (General)|EN
Probability, Uncertainty and Quantitative Risk|SpringerOpen|2367-0126||9e10e49ca50a4b61ad5ac28a6be5fe73|Electronic computers. Computer science#Probabilities. Mathematical statistics|EN
Problemy Analiza|Petrozavodsk State University|2306-3432|2306-3424|3f39de32694c4470a00ce8e73aafc65c|Mathematics|EN#RU
Revista de la Unión Matemática Argentina|Unión Matemática Argentina|1669-9637|0041-6932|d21c4dbb5c144eab91ee20111e27fbf4|Applied mathematics. Quantitative methods#Mathematics|EN
Revista Română de Statistică|Romanian National Institute of Statistics|1844-7694|1018-046X|fbbcd8fce049435591a5ef36dd7b173d|Statistics|EN
Sahand Communications in Mathematical Analysis|University of Maragheh|2423-3900|2322-5807|9f2e27f79e4d423c86827217553ddf97|Mathematics|EN
Source Code for Biology and Medicine|BMC|1751-0473||ba3c70f614204b898114fec23be29e80|Computer applications to medicine. Medical informatics|EN
Special Matrices|De Gruyter|2300-7451||b3b9b1fd05494783a53a7712cf862cf7|Mathematics|EN
Statistica|University of Bologna|1973-2201|0390-590X|01eaee154d4b47f79abf421b0cd3eb20|Statistics|EN
Statistics and Public Policy|Taylor & Francis Group|2330-443X||f2743d8ec58e4b5f99fd0e4077ecf3f0|Political institutions and public administration (General)#Probabilities. Mathematical statistics|EN
Survey Research Methods|European Survey Research Association|1864-3361||7bbd3dd3a6044c4e843c69d7d558adb0|Social sciences (General)|EN
Revista de Educação Matemática|Sociedade Brasileira de Educação Matemática|2526-9062||00a17fd2545a4ed4a9cf3b3e85598c73|Special aspects of education#Theory and practice of education#Mathematics|PT
Theoretical Biology and Medical Modelling|BMC|1742-4682||0439f751ac6349d5b25ad5d7c2e1dc08|Computer applications to medicine. Medical informatics#Biology (General)|EN
Transactions of A. Razmadze Mathematical Institute|Elsevier||2346-8092|1089d472c2ae4d3bb0c502c04c18a434|Mathematics|EN
Transactions of the London Mathematical Society|Wiley|2052-4986||fd2308cfe9b948ffb575b98130aeac48|Mathematics|EN
Transactions on Combinatorics|University of Isfahan|2251-8665|2251-8657|a0a1b7e2398a499cb86774b1c2256e1c|Mathematics|EN
TWMS Journal of Applied and Engineering Mathematics|Isik University|2146-1147||289af71e7f114ec480f00aac57269991|Applied mathematics. Quantitative methods#Mathematics|EN
AoB Plants|Oxford University Press|2041-2851||b9d45906bda24257b4a1ac4528f42f8e|Plant culture#Plant ecology|EN
Conservation Physiology|Oxford University Press|2051-1434||9501e32b68b64b4b8f84902b418343db|Biology (General)#General. Including nature conservation, geographical distribution|EN
Current Zoology|Oxford University Press|2396-9814|1674-5507|c08c46a67afd4a3bb09165920a5bd0e3|Zoology|EN
DNA Research|Oxford University Press|1756-1663|1340-2838|2561e19db0424597ab6643d474e3eccf|Genetics|EN
Food Quality and Safety|Oxford University Press|2399-1402|2399-1399|3b821be9b7b043bd96281171bd0c802b|Food processing and manufacture|EN
Genome Biology and Evolution|Oxford University Press|1759-6653||5661de786fc04330bc80748dfca6ba46|Evolution#Genetics|EN
GigaScience|Oxford University Press|2047-217X||ccf5e02fa421415a86dd492768a7a6ec|Computer applications to medicine. Medical informatics|EN
International Journal of Low-Carbon Technologies|Oxford University Press|1748-1325|1748-1317|0598366a681341a4857aee202f5a5036|Renewable energy sources#Meteorology. Climatology|EN
International Journal of Neuropsychopharmacology|Oxford University Press|1469-5111|1461-1457|dfef0071677346038b6f2701f605dd1a|Therapeutics. Pharmacology#Neurosciences. Biological psychiatry. Neuropsychiatry|EN
Journal of Insect Science|Oxford University Press|1536-2442||fc5aeabc4ac44d6ea46b5156f3f57862|Biology (General)|EN
Journal of Integrated Pest Management|Oxford University Press|2155-7470||295b39deb17e4b7dabdce81386de1029|Agriculture#Therapeutics. Pharmacology|EN
Journal of Law and the Biosciences|Oxford University Press|2053-9711||ed02b8b7d07e45289f939e7846f5f018|Law in general. Comparative and uniform law. Jurisprudence#Biology (General)|EN
Journal of Molecular Cell Biology|Oxford University Press|1759-4685|1674-2788|72ebaebf50894bada6a3672c63a98126|Cytology|EN
Journal of Radiation Research|Oxford University Press|1349-9157|0449-3060|a68fdcf2ace745ec92fc2d5a0fd6b2a2|Environmental sciences#Neoplasms. Tumors. Oncology. Including cancer and carcinogens|EN
National Science Review|Oxford University Press|2053-714X|2095-5138|d128485018944feabacdc19b7a6fc674|Science|EN
Nucleic Acids Research|Oxford University Press|1362-4962|0305-1048|dd2c19be3eb84fd28cdef7068b831188|Genetics|EN
Progress of Theoretical and Experimental Physics|Oxford University Press|2050-3911||1572adf631fd4b06bd8638799241a8b8|Physics|EN
Regenerative Biomaterials|Oxford University Press|2056-3426||4875ddff9f8a4df297d52f88ad0572d0|Biotechnology|EN
Virus Evolution|Oxford University Press|2057-1577||6985584c7c2942ccbcbd5a107c19719c|Evolution|EN
Emerging Themes in Epidemiology|BMC|1742-7622||49e3f3a90f404a5b86e5b0a55c4847ad|Infectious and parasitic diseases|EN
Bulletin KNOB|KNOB|2589-3343|0166-0470|baec38a8fa7a4d15a5948ebe649a5941|Architecture#Architectural drawing and design#History (General) and history of Europe|NL#EN
The ASIANetwork Exchange: A Journal for Asian Studies in the Liberal Arts|Open Library of Humanities|1943-9946|1943-9938|69f1f429a6334c22b7fa7fb32225b575|Fine Arts#Language and Literature|EN
Acta Zoologica Academiae Scientiarum Hungaricae|Hungarian Natural History Museum; Hungarian Academy of Sciences|2064-2474|1217-8837|8d06a9ab159949d0b1bbbcb081ee1d99|Zoology|EN
eXPRESS Polymer Letters|Budapest University of Technology |1788-618X||873dbc2d0b8b47a3a68c581a02019829|Materials of engineering and construction. Mechanics of materials#Chemical technology|EN
Journal of Behavioral Addictions|Akadémiai Kiadó|2063-5303||98839758700942018c042ad04fd81957|Neurosciences. Biological psychiatry. Neuropsychiatry#Psychology|EN
Periodica Polytechnica: Chemical Engineering|Budapest University of Technology |1587-3765|0324-5853|7a245d930c95438db3d5c7e0bb3b315a|Chemical engineering#Environmental engineering|EN
Corvinus Journal of Sociology and Social Policy|Corvinus University of Budapest|2062-087X|2061-5558|9f1fc5648b9742b0a3782a388e859f71|Social sciences (General)|EN
Építőanyag: Journal of Silicate Based and Composite Materials|Scientific Society of the Silicate Industry (SZTE)|2064-4477|0013-970X|7531baf3313241718db3f27d52aeba51|Materials of engineering and construction. Mechanics of materials|EN#HU
Interventional Medicine & Applied Science|Akadémiai Kiadó|2061-5094|2061-1617|d5fe445fd6174a07825e40b1c398da0e|Medicine (General)|EN
KOME: An International Journal of Pure Communication Inquiry|Hungarian Communication Studies Association|2063-7330||5070e55616fa47b19af2729e9e2754b9|Communication. Mass media|EN
Periodica Polytechnica: Mechanical Engineering|Budapest University of Technology |1587-379X|0324-6051|016c96353f3742618ae692f54e6cde57|Mechanical engineering and machinery|EN
Studies in Agricultural Economics|Research Institute of Agricultural Economics|2063-0476|1418-2106|0c77d345108141b6bb23b287a00aef2c|Agriculture (General)|EN
Acta Neuropathologica Communications|BMC|2051-5960||25838d7ff88b44f28ab79baf93e8c8a8|Neurology. Diseases of the nervous system|EN
Acta Orthopaedica |Taylor & Francis Group|1745-3682|1745-3674|3a16e5179f834d8c81455564873d145b|Orthopedic surgery|EN
Addiction Science & Clinical Practice|BMC|1940-0640|1940-0632|117cfdac07854b9992308ad67e10bb3a|Medicine (General)#Social pathology. Social and public welfare. Criminology|EN
Advanced Composites Letters|SAGE Publishing|2633-366X|0963-6935|94bef4a99c434060bfde971cfa252da8|Materials of engineering and construction. Mechanics of materials|EN
Advances in Mechanical Engineering|SAGE Publishing|1687-8140|1687-8132|e022b3e3a3eb46acadae510d51a4bad4|Mechanical engineering and machinery|EN
Advances in Physics: X|Taylor & Francis Group|2374-6149||1372a9bcdc74494a9899189c9ff881f0|Physics|EN
Advances in Rheumatology|BMC|2523-3106||0f38a719e52642a2b5a06b40614f27d4|Diseases of the musculoskeletal system#Immunologic diseases. Allergy|EN
Aging Cell|Wiley|1474-9726|1474-9718|c04f1143f77d466799ea54e337b04c82|Geriatrics|EN
AIDS Research and Therapy|BMC|1742-6405||db8e3915c6034b2aa6a35760a70ad468|Immunologic diseases. Allergy|EN
Alzheimer’s Research & Therapy|BMC|1758-9193||a1312ca7fc9f40488de07a835216b0c2|Neurosciences. Biological psychiatry. Neuropsychiatry#Neurology. Diseases of the nervous system|EN
Annals of Clinical Microbiology and Antimicrobials|BMC|1476-0711||15363b71e6dd4cceaee856070f14c30c|Therapeutics. Pharmacology#Infectious and parasitic diseases#Microbiology|EN
Annals of General Psychiatry|BMC|1744-859X||8cbb860af5454e92a0dc6f8a50de65bd|Psychiatry|EN
Annals of Global Health|Levy Library Press|2214-9996||a86e2c78ae3b4401ac7016d3b1273297|Infectious and parasitic diseases#Public aspects of medicine|EN
Antimicrobial Resistance and Infection Control|BMC|2047-2994||2be66a27c31f473b9f1da2970d6cb0f7|Infectious and parasitic diseases|EN
Archives of Public Health|BMC|2049-3258||0186d00072d64108b58976acbb0b34d5|Public aspects of medicine|EN
Artery Research |Atlantis Press|1876-4401|1872-9312|9ca97f79a88146768b48c3fb85cabfdc|Specialties of internal medicine#Diseases of the circulatory (Cardiovascular) system|EN
Arthritis Research & Therapy|BMC|1478-6362|1478-6354|aae5a84875b7492cb0bef9f6acf5dee1|Diseases of the musculoskeletal system|EN
ASN Neuro|SAGE Publishing|1759-0914||acd5a2a5cf744d539a20469e4d6c39bd|Neurosciences. Biological psychiatry. Neuropsychiatry|EN
Basic and Clinical Andrology|BMC|2051-4190||ada4e5c4c3074caea37dc5004807becd|Medicine (General)|EN
Behavioral and Brain Functions|BMC|1744-9081||8225e2cbeab4490abdb2bfec15a05e27|Neurology. Diseases of the nervous system|EN
Behavioural Neurology |Hindawi Limited|1875-8584|0953-4180|6a8191f0c97a4df2942f918079b3c971|Neurosciences. Biological psychiatry. Neuropsychiatry|EN
Biological Procedures Online|BMC|1480-9222||8e3b93dbc7cf49b995f093b9424f5223|Medicine (General)#Biology (General)|EN
Biology Direct|BMC|1745-6150||88f720e2c3bc4cb1a390cd45a0b524fd|Biology (General)|EN
Biology of Sex Differences|BMC|2042-6410||32503923ce5c4c22860f2dc378f32fa7|Medicine#Physiology|EN
Biology Open|Company of Biologists|2046-6390||341234de61ed4459b8be42c6de24bf3d|Science#Biology (General)|EN
Biomarker Research|BMC|2050-7771||58af1bb163bf4b129d452be1ac2dc29e|Therapeutics. Pharmacology|EN
BioMedical Engineering OnLine|BMC|1475-925X||6718b17b3789465ea4b8926e7d21a55e|Medical technology|EN
Biotechnology & Biotechnological Equipment|Taylor & Francis Group|1314-3530|1310-2818|42ec25dd2a29453aa10a21a54f0f2095|Biotechnology|EN
Biotechnology for Biofuels|BMC|1754-6834||769a3a1d46844f4a96c1bb39f18b2fea|Fuel#Biotechnology|EN
BJPsych Open|Cambridge University Press|2056-4724||d4970d85595442289b084bfb036f8c1e|Psychiatry|EN
BJS Open|Wiley||2474-9842|2264653821c34771ac179f59f366b530|Surgery|EN
Blood Cancer Journal|Nature Publishing Group||2044-5385|3c4fcba7ee9e4bfd93eaad9f17ec192a|Neoplasms. Tumors. Oncology. Including cancer and carcinogens|EN
BMC Anesthesiology|BMC|1471-2253||32a9229a22b24ccd8f9372d8b0d98205|Anesthesiology|EN
BMC Biology|BMC|1741-7007||6102b0db86684efc88b16b5ada501209|Biology (General)|EN
BMC Biotechnology|BMC|1472-6750||e86e9ed3ab4e42dfa768c802db6f89ac|Biotechnology|EN
BMC Cancer|BMC|1471-2407||4819201694d7459f96c1f621199bd6c8|Neoplasms. Tumors. Oncology. Including cancer and carcinogens|EN
BMC Cardiovascular Disorders|BMC|1471-2261||0c31b2d815664ac086cfd49fe17df444|Diseases of the circulatory (Cardiovascular) system|EN
BMC Chemistry|BMC|2661-801X||6c3e7832b36140b2947b11e911b024dd|Chemistry|EN
BMC Complementary Medicine and Therapies|BMC|2662-7671||03ddd61ac7094aa4a9e3762500630123|Other systems of medicine|EN
BMC Developmental Biology|BMC|1471-213X||6bfc82114cba4fd7932a0ace95f79c85|Biology (General)|EN
BMC Ecology|BMC|1472-6785||370adb62d5b1461ead2c4d9410710482|Ecology|EN
BMC Emergency Medicine|BMC|1471-227X||cb20527834cb4bdd96a9e29f10d2d69a|Special situations and conditions#Medical emergencies. Critical care. Intensive care. First aid|EN
BMC Endocrine Disorders|BMC|1472-6823||2c07d1d0b19440eea5dc94ba4cf86c65|Diseases of the endocrine glands. Clinical endocrinology|EN
BMC Evolutionary Biology|BMC|1471-2148||d0d2445bc8da450692331bfd7e32aa30|Evolution|EN
BMC Family Practice|BMC|1471-2296||346b429431f04f43968fada2e14dfd28|Medicine (General)|EN
BMC Gastroenterology|BMC|1471-230X||5c5f2b0a1f03444b9dda639e41313098|Diseases of the digestive system. Gastroenterology|EN
BMC Genetics|BMC|1471-2156||3747786a7b9043da939433566bf6b9c7|Genetics|EN
BMC Genomics|BMC|1471-2164||9f69a1ddc5c64ccc9c37982f42128993|Biotechnology#Genetics|EN
BMC Geriatrics|BMC|1471-2318||dd3f4627373b4997b3253702c1c419b4|Geriatrics|EN
BMC Health Services Research|BMC|1472-6963||37069cfa1f0642e6a4772dde5b1b199e|Public aspects of medicine|EN
BMC Immunology|BMC|1471-2172||33684b8645ca456ea55d822cb775c37f|Immunologic diseases. Allergy|EN
BMC Infectious Diseases|BMC|1471-2334||e7690d345a8d4fc29780287a0cb7b44b|Infectious and parasitic diseases|EN
BMC Medical Education|BMC|1472-6920||c9378e5443104fc9afbedc62304783dc|Special aspects of education#Medicine|EN
BMC Medical Ethics|BMC|1472-6939||6b2d36c6f31442c8bd6f6e603ec038a6|Medical philosophy. Medical ethics|EN
BMC Medical Genetics|BMC|1471-2350||4b1310dbb7c444959dce156694472b0d|Internal medicine#Genetics|EN
BMC Medical Genomics|BMC|1755-8794||01ce4ccf705844ccb5826c74fb4bb4f5|Internal medicine#Genetics|EN
BMC Medical Imaging|BMC|1471-2342||89150d162683468f97a3d7ed9824bcef|Medical technology|EN
BMC Medical Informatics and Decision Making|BMC|1472-6947||2ffbdc58fc2a468a818d4b159794d9b1|Computer applications to medicine. Medical informatics|EN
BMC Medical Research Methodology|BMC|1471-2288||63240ac2bae044ae97335029dd07469c|Medicine (General)|EN
BMC Medicine|BMC|1741-7015||a3e37dc1372146ea91d36dd19cdd6fcf|Medicine|EN
BMC Microbiology|BMC|1471-2180||920d91bf9d7749c8806132e2df238998|Microbiology|EN
BMC Molecular and Cell Biology|BMC|2661-8850||33d001a534af415abfb542bbe1331886|Cytology|EN
BMC Musculoskeletal Disorders|BMC|1471-2474||4fb2727535a54c94a037147af928fa7a|Diseases of the musculoskeletal system|EN
BMC Nephrology|BMC|1471-2369||c53a1d5c29ca4aeb8504f077464aaf98|Diseases of the genitourinary system. Urology|EN
BMC Neurology|BMC|1471-2377||272aee04f5cb46afbe90b5a0b3dade67|Neurology. Diseases of the nervous system|EN
BMC Neuroscience|BMC|1471-2202||7c95a94a15eb436aae9e9ccf49422d9f|Neurosciences. Biological psychiatry. Neuropsychiatry#Neurophysiology and neuropsychology|EN
BMC Nursing|BMC|1472-6955||62f4aa9060754aa8a3958d66077ff852|Nursing|EN
BMC Ophthalmology|BMC|1471-2415||8233473f88414b339b6a9de5be6cbd21|Ophthalmology|EN
BMC Oral Health|BMC|1472-6831||5b20f7bc22e74809949ef26ead2a6df9|Dentistry|EN
BMC Palliative Care|BMC|1472-684X||6f43bd0f5ade4e0293584f3b0ccc7d58|Special situations and conditions|EN
BMC Pediatrics|BMC|1471-2431||4af2ec51c64e4cf282ce6cf7095196d8|Pediatrics|EN
BMC Pharmacology and Toxicology|BMC|2050-6511||fd2bd52f627f4ffbb75e66279bf1bbc6|Therapeutics. Pharmacology#Toxicology. Poisons|EN
BMC Plant Biology|BMC|1471-2229||7d686a49d0f44d33a11e0d01e11164b8|Botany|EN
BMC Pregnancy and Childbirth|BMC|1471-2393||d21baa69a4cb4d13b687a2a713d39ef6|Gynecology and obstetrics|EN
BMC Psychiatry|BMC|1471-244X||02bce0a32a6542cfbf84f9f2dc5fef30|Psychiatry|EN
BMC Public Health|BMC|1471-2458||6abfcb70fd244772ba9ec1091d31e707|Public aspects of medicine|EN
BMC Pulmonary Medicine|BMC|1471-2466||be325015ecc84438a742fb74a1cd0143|Diseases of the respiratory system|EN
BMC Sports Science, Medicine and Rehabilitation|BMC|2052-1847||6424440ac19546f49bb603084c4d06b9|Sports medicine|EN
BMC Surgery|BMC|1471-2482||666f2180f98c442786d010e4c9e1577d|Surgery|EN
BMC Urology|BMC|1471-2490||c767b9e96f5a4ea380cdf9434dd964c4|Diseases of the genitourinary system. Urology|EN
BMC Veterinary Research|BMC|1746-6148||5d50574c83ba4a748c2c086faf245b11|Veterinary medicine|EN
BMC Women's Health|BMC|1472-6874||d4023495a782466cb7882a93b00433be|Gynecology and obstetrics#Public aspects of medicine|EN
BMC Zoology|BMC|2056-3132||dafae410a00a4bf091ae57f25e698649|Zoology|EN
BMJ Global Health|BMJ Publishing Group|2059-7908||f0948d7031d7444cb28a3b0e79fbd55c|Medicine (General)#Infectious and parasitic diseases|EN
Annals of Glaciology|Cambridge University Press|1727-5644|0260-3055|cd1ca24bb1a940a3a76e3e1794a1c2b1|Meteorology. Climatology|EN
High Power Laser Science and Engineering|Cambridge University Press|2052-3289|2095-4719|972d0c18e9f5498599597017abd06ab3|Applied optics. Photonics|EN
Primary Health Care Research and Development|Cambridge University Press|1477-1128||b1d95391e4fa4dd99d9bfb63e53c3baa|Public aspects of medicine|EN
Global Mental Health|Cambridge University Press|2054-4251||af6fa25b0f0b40f89f7d40a6f364da59|Neurosciences. Biological psychiatry. Neuropsychiatry|EN
Genetics Research|Hindawi - Cambridge University Press|1469-5073||1ca3dcc7c9904f65889e37d050dc7e01|Genetics|EN
Forum of Mathematics, Sigma|Cambridge University Press|2050-5094||fdbdb8bd9cd94bb288ce1ec2c4265481|Mathematics|EN
Forum of Mathematics, Pi|Cambridge University Press|2050-5086||33d4851361894493bf8b1a9d02596c29|Mathematics|EN
European Psychiatry|Cambridge University Press|1778-3585|0924-9338|00c4bb2ee62f4cf985980c7dca852c55|Psychiatry|EN
Epidemiology and Psychiatric Sciences|Cambridge University Press|2045-7979|2045-7960|394000a0a14c48c1ad8a371057a89eba|Neurosciences. Biological psychiatry. Neuropsychiatry#Public aspects of medicine|EN
Epidemiology and Infection|Cambridge University Press|1469-4409||a1f2ae4bc11f4ff59a4bd50492e97bcf|Infectious and parasitic diseases#Public aspects of medicine|EN
Ain Shams Engineering Journal|Elsevier||2090-4479|5622b8878c204fd2b88130fbeea2f2d7|Engineering (General). Civil engineering (General)|EN
Biomedical Journal|Elsevier|2320-2890|2319-4170|d1e768538ffa4f82826f04f163a7fa38|Medicine (General)#Biology (General)|EN
African Journal of Emergency Medicine|Elsevier|2211-419X||8150ee089d8b4f099f6c30bd8aaf0fcc|Medicine#Medicine (General)|EN
Alexandria Engineering Journal|Elsevier||1110-0168|40ae382df340487c8266f817e3a03683|Engineering (General). Civil engineering (General)|EN
Anais Brasileiros de Dermatologia|Sociedade Brasileira de Dermatologia||0365-0596|bbbc2abf7b4a4a74a81784b75472ca54|Dermatology|EN#PT
Aquaculture Reports|Elsevier||2352-5134|c5da4cead6fb4d278222c3373692e825|Aquaculture. Fisheries. Angling|EN
Arabian Journal of Chemistry|Elsevier||1878-5352|7e0528d0402548b6b2693ef296f6878c|Chemistry|EN
Asian Journal of Surgery|Elsevier||1015-9584|8b455ae9ef0644488d4f138059403339|Surgery|EN
Asian Nursing Research|Elsevier||1976-1317|fdee6bbed10943c8ac0a6457b5d89777|Nursing|EN
Boletín de la Sociedad Española de Cerámica y Vidrio|Elsevier||0366-3175|787523437325444c91913542edb9349e|Clay industries. Ceramics. Glass|EN#ES
Brazilian Journal of Infectious Diseases|Elsevier|1678-4391|1413-8670|a0ad361d02e141dbb868d60ad261d636|Infectious and parasitic diseases#Microbiology|EN
Case Studies in Thermal Engineering|Elsevier|2214-157X||d20814b009724a3090e58ae49d19b081|Engineering (General). Civil engineering (General)|EN
Cellular and Molecular Gastroenterology and Hepatology|Elsevier|2352-345X||3aca3841156149edab5b3095f2b455f6|Diseases of the digestive system. Gastroenterology|EN
Chinese Journal of Aeronautics|Elsevier||1000-9361|d7ada7795496488986575b9e356f9bf5|Motor vehicles. Aeronautics. Astronautics|EN
Climate Risk Management|Elsevier|2212-0963||1b46f899f6b14735804064699781d2a4|Meteorology. Climatology|EN
Climate Services|Elsevier|2405-8807||12bc225829674368941e4546af05eb33|Meteorology. Climatology#Social sciences (General)|EN
Comprehensive Psychiatry|Elsevier|1532-8384|0010-440X|6f68f031523945f284905aea3af7a098|Psychiatry|EN
Computational and Structural Biotechnology Journal|Elsevier|2001-0370||ce881f17bd3447da883992326c2804b3|Biotechnology|EN
Defence Technology|Elsevier|2214-9147||97a3205a1f1143d2895e4642bf20d0d8|Military Science|EN
Developmental Cognitive Neuroscience|Elsevier|1878-9307|1878-9293|8b50aba9cf20419a8723a2882efd1d67|Neurophysiology and neuropsychology|EN
EBioMedicine|Elsevier|2352-3964||b199ac4214874a66aba26e71e68d8a21|Medicine#Medicine (General)|EN
Electrochemistry Communications|Elsevier|1873-1902|1388-2481|5008c7ae4b8e4445b8e84d5ee5a476ec|Industrial electrochemistry#Chemistry|EN
Energy Reports|Elsevier||2352-4847|ea8b5d46fe0e4f35be85aeeb412651a6|Electrical engineering. Electronics. Nuclear engineering|EN
Energy Strategy Reviews|Elsevier|2211-4688|2211-467X|db48f4bc825540aab9fafd92dc273857|Energy industries. Energy policy. Fuel trade|EN
Engineering|Elsevier|2096-0026|2095-8099|fc7c6b4c690547419f3c97a8e243e86e|Engineering (General). Civil engineering (General)|EN
Engineering Science and Technology, an International Journal|Elsevier|2215-0986||f7a27371b5154a6297cfc79df57772b0|Engineering (General). Civil engineering (General)|EN
Environment International|Elsevier||0160-4120|e7c9d41fe55f4af5a32ee8d96417786c|Environmental sciences|EN
Epidemics|Elsevier|1878-0067|1755-4365|17f3a490c7ab48849ffb6311e2825ca8|Infectious and parasitic diseases|EN
Food Chemistry: X|Elsevier|2590-1575||68f06a4ba072431e86f4228016375086|Nutrition. Foods and food supply#Food processing and manufacture|EN
Genes and Diseases|Elsevier|2352-3042||edc70eb296d74fe4b512fa201caf5e66|Medicine (General)#Genetics|EN
Genomics, Proteomics & Bioinformatics|Elsevier||1672-0229|8b57b4df2add4ebe86e3cbbfa93569b7|Biology (General)|EN
Global Ecology and Conservation|Elsevier|2351-9894||7dd917cb097a4ca6a7624d898601a4df|Ecology|EN
ICT Express|Elsevier|2405-9595||ef15d7745c1d4b2e9d06af82046f0a4b|Information technology|EN
Integrative Medicine Research|Elsevier||2213-4220|02626c6cbc394e94bbb313cd7da6a1ad|Miscellaneous systems and treatments|EN
International Journal for Parasitology: Drugs and Drug Resistance|Elsevier|2211-3207||66fcd4f321984fb3932dd8dd96b7ca5a|Infectious and parasitic diseases|EN
International Journal for Parasitology: Parasites and Wildlife|Elsevier|2213-2244||4e4b6308aacf413fb3227a57f8a62b29|Zoology|EN
International Journal of Infectious Diseases|Elsevier|1878-3511|1201-9712|7d2a81f0a22d42b7b9b3cdb9ebd825d8|Infectious and parasitic diseases|EN
International Journal of Mining Science and Technology|Elsevier|2589-062X|2095-2686|90cec65da2df48219be894846f879eac|Mining engineering. Metallurgy|EN
Internet Interventions|Elsevier|2214-7829||8e6fbac30bfc48418f703f970b6b80b3|Information technology#Psychology|EN
Journal of Advanced Research|Elsevier|2090-1224|2090-1232|d1babd92c3dc4fca91faabf1a1999abf|Medicine (General)#Science (General)|EN
Journal of Applied Poultry Research|Elsevier|1537-0437|1056-6171|93eee4b73d0d46bca6b8ce7a90921b75|Animal culture#Food processing and manufacture|EN
Journal of Bone Oncology|Elsevier|2212-1374||8e2c791147d54871ad1e52a04ad4ce93|Diseases of the musculoskeletal system#Neoplasms. Tumors. Oncology. Including cancer and carcinogens|EN
Journal of Dental Sciences|Elsevier||1991-7902|8fb6cee309924d6d81d29d95f084966a|Dentistry|EN
Journal of Exercise Science & Fitness|Elsevier||1728-869X|3218beb431e94aa1941c2060342d6487|Sports|EN
Journal of Hydrology: Regional Studies|Elsevier|2214-5818||be09ed91177f4cff8f6299f3efb818e9|Physical geography#Geology|EN
Journal of Infection and Public Health|Elsevier|1876-035X|1876-0341|09a57f591ed042d4814c47c6e8a8bb08|Infectious and parasitic diseases#Public aspects of medicine|EN
Journal of King Saud University: Science|Elsevier||1018-3647|6e4a2d54aeec4fa59c18cfac36b26b4f|Science (General)|EN
Journal of Materiomics|Elsevier||2352-8478|e7cf08dc3ed141c6a6d68d94506e6a57|Materials of engineering and construction. Mechanics of materials|EN
Journal of Microbiology, Immunology and Infection|Elsevier||1684-1182|e29ffa39d4da4388b121683e252b0f1e|Microbiology|EN
Journal of Orthopaedic Translation|Elsevier|2214-0328|2214-031X|30b2f300c6bc4c1ea1c3e13fa4d5e1be|Diseases of the musculoskeletal system|EN
Journal of Pharmaceutical Analysis|Elsevier||2095-1779|478d57468cb7427595231feb597aa689|Therapeutics. Pharmacology|EN
Journal of Saudi Chemical Society|Elsevier||1319-6103|177053e10bd84fdda83a654313cc5eb8|Chemistry|EN
Journal of the Formosan Medical Association|Elsevier||0929-6646|cdf2790044384464bc44bbd84dbc2f0f|Medicine (General)|EN
Kidney International Reports|Elsevier||2468-0249|b6b289bd541c4fc0b60aca4643762803|Diseases of the genitourinary system. Urology|EN
The Lancet: Digital Health|Elsevier|2589-7500||3b8a43442dec42129ff4cb29eae28e3f|Computer applications to medicine. Medical informatics|EN
The Lancet Global Health|Elsevier|2214-109X||cb56649ab75b4318a33b4d792a75fbee|Public aspects of medicine|EN
The Lancet Planetary Health|Elsevier|2542-5196||c4673f1bd8fa4773814a5f3df94acc90|Environmental sciences|EN
The Lancet Public Health|Elsevier|2468-2667||c66db77ee42148b4ba37bbf67d41ab07|Public aspects of medicine|EN
Materials & Design|Elsevier|1873-4197|0264-1275|c61c8f8aeb134f70a061918469a0d4f0|Materials of engineering and construction. Mechanics of materials|EN
Materials Today Advances|Elsevier|2590-0498||75389ba730fd4978b1d8f56374735f28|Materials of engineering and construction. Mechanics of materials|EN
Molecular Genetics and Metabolism Reports|Elsevier|2214-4269||0493e75a446d498897bd06b6add3b00c|Medicine (General)#Biology (General)|EN
Molecular Metabolism|Elsevier|2212-8778||f10b03bfcb764a889b1d3dafb79b5df0|Internal medicine|EN
Neoplasia: An International Journal for Oncology Research|Elsevier|1476-5586|1522-8002|693c72d70cf64ceda4d526657890fa84|Neoplasms. Tumors. Oncology. Including cancer and carcinogens|EN
Neurobiology of Stress|Elsevier|2352-2895||6652d1abbfb04829944f74075f129e08|Neurosciences. Biological psychiatry. Neuropsychiatry#Neurology. Diseases of the nervous system#Neurophysiology and neuropsychology|EN
NeuroImage|Elsevier|1095-9572|1053-8119|366fb0478ade4583a669ed0d42eda7bf|Neurosciences. Biological psychiatry. Neuropsychiatry|EN
NeuroImage: Clinical|Elsevier|2213-1582||ff9cb9ee01834632aadab305d653f41c|Computer applications to medicine. Medical informatics#Neurology. Diseases of the nervous system|EN
Nuclear Materials and Energy|Elsevier|2352-1791||fd8f3621205e4ec29cdb106760ade4a1|Nuclear engineering. Atomic power|EN
Nuclear Physics B|Elsevier|1873-1562|0550-3213|3fab73e8050b4559a2ce34512ece815b|Nuclear and particle physics. Atomic energy. Radioactivity|EN
One Health|Elsevier|2352-7714||b36090f3a0ee43cc8297a15ab8e96715|Medicine (General)|EN
Pediatrics and Neonatology|Elsevier||1875-9572|4fd46c371d254d879f82fbf4e65bef18|Pediatrics|EN
Photoacoustics|Elsevier|2213-5979||ae3b390a0e0a495cad87021ecf65b595|Physics#Acoustics. Sound#Optics. Light|EN
Physics Letters B|Elsevier|1873-2445|0370-2693|e17980871dd5421fbdeaa958fa2bdb3d|Physics|EN
Poultry Science|Elsevier|1525-3171|0032-5791|a012d99ef0aa4234b08bd7b26fc280dd|Animal culture|EN
Progress in Natural Science: Materials International|Elsevier||1002-0071|2a2cd4ed907347f9a096a9ed76bc0504|Materials of engineering and construction. Mechanics of materials|EN
Propulsion and Power Research|Elsevier|2212-540X||a16563569a924af78dbfbfb5a3a00cb9|Motor vehicles. Aeronautics. Astronautics|EN
Prostate International|Elsevier||2287-8882|a7d76361219f42db89573bafa7419666|Diseases of the genitourinary system. Urology|EN
Pulmonology|Elsevier España|2531-0437|2531-0429|258a8055ff544b7d8e0dc065ee081488|Diseases of the respiratory system|EN
Redox Biology|Elsevier|2213-2317||7f0365bc00ca4bb4a093a63029f9f421|Medicine (General)#Biology (General)|EN
Regenerative Therapy|Elsevier|2352-3204||c3b087b3514e43ba926159aece90249f|Medicine (General)#Cytology|EN
Results in Physics|Elsevier|2211-3797||05bc417b294d4dfab69f3b312452fca8|Physics|EN
Revista Brasileira de Anestesiologia|Sociedade Brasileira de Anestesiologia|1806-907X|0034-7094|2314d90a4d104e718c6d456120042479|Anesthesiology|EN#PT#ES
Revista Portuguesa de Cardiologia|Elsevier|2174-2030|0870-2551|1deade29f5814739950fc3f0511dea61|Diseases of the circulatory (Cardiovascular) system|EN#PT
Rice Science|Elsevier|1876-4762|1672-6308|0fd132e7f66f44b3a6589b38391ab8f0|Plant culture|EN
Safety and Health at Work|Elsevier||2093-7911|da2f32f8b0ba45bc9c1b3f0b4bf50a46|Public aspects of medicine|EN
Saudi Journal of Biological Sciences|Elsevier||1319-562X|77fa319a52a74a7d835a6075f7ee9c60|Biology (General)|EN
Saudi Pharmaceutical Journal|Elsevier||1319-0164|7a4d9f553d7b4d809f6bcf9102dd8969|Therapeutics. Pharmacology|EN
Sexual Medicine|Elsevier|2050-1161||d4621feb0e1c45ba975010037e60f459|Medicine#Other systems of medicine|EN
Stem Cell Research|Elsevier|1876-7753|1873-5061|82e494990db44c90b8734f566395f6db|Biology (General)|EN
Taiwanese Journal of Obstetrics & Gynecology|Elsevier||1028-4559|f196bd18ba204f4ab54438f758e5404d|Gynecology and obstetrics|EN
Translational Oncology|Elsevier|1936-5233|1944-7124|17cdbf16155c45da9b9b4f2913800f3e|Neoplasms. Tumors. Oncology. Including cancer and carcinogens|EN
World Allergy Organization Journal|Elsevier|1939-4551||09e872f837ec49c0b4d29fcec3f199f3|Immunologic diseases. Allergy|EN
Acta Acustica|EDP Sciences|2681-4617||5f0e13147bff461c84a8c1037d39a13c|Acoustics in engineering. Acoustical engineering#Acoustics. Sound|EN
Adsorption Science & Technology|SAGE Publishing|2048-4038|0263-6174|0717c4a8661b460d917559af2f7592a2|Physical and theoretical chemistry|EN
Advanced Science|Wiley|2198-3844||12576ad4e52044b08510c86120dad6eb|Science|EN
Advances in Astronomy|Hindawi Limited|1687-7977|1687-7969|77f5de55948a444f81b838436e0b14cb|Astronomy|EN
Advances in Condensed Matter Physics|Hindawi Limited|1687-8124|1687-8108|dc71831a25644a5eae44b1305582c389|Physics|EN
Advances in High Energy Physics|Hindawi Limited|1687-7365|1687-7357|cd8d6a4de00d4119ab53f45c44fc9c32|Physics|EN
Advances in Mathematical Physics |Hindawi Limited|1687-9139|1687-9120|be3c82ff6f6f463eaacf86155866d1d2|Physics|EN
ADVANCES IN PHYSICS-X ||||||
AIMS Biophysics|AIMS Press||2377-9098|ae38c8ad56e449a9a9b523549f392850|Biology (General)|EN
AIP Advances|AIP Publishing LLC|2158-3226||923c06702a2c418c9dff78eec6ba54d7|Physics|EN
Anales (Asociación Física Argentina)|CEILAP-UNIDEF-CONICET-CITEDEF|1850-1168|0327-358X|048255888bc34e92be2ef096f694f152|Physics|ES
Annals of Geophysics|Istituto Nazionale di Geofisica e Vulcanologia (INGV)|2037-416X|1593-5213|2a214b7491ab4c8f8cee0d26407b7e5d|Meteorology. Climatology#Geophysics. Cosmic physics|EN
APL Materials|AIP Publishing LLC|2166-532X||3b6cbc2328704b628aa145e0ed2bed14|Biotechnology#Physics|EN
APL Photonics|AIP Publishing LLC|2378-0967||690d562f98fc450d8556d982d58169e3|Applied optics. Photonics|EN
Applied Rheology|De Gruyter|1617-8106||3ce3517f863c4285a64a17cc939f67a3|Materials of engineering and construction. Mechanics of materials|EN
Applied Sciences|MDPI AG||2076-3417|06b1b003af9c4e6e9323930c4fd7279a|Technology#Engineering (General). Civil engineering (General)#Biology (General)#Physics#Chemistry|EN
Atom Indonesia|Center for Development of Nuclear Informatics, National Nuclear Energy Agency (BATAN)||0126-1568|33af0889c72f4e9795e6942889a1342b|Nuclear engineering. Atomic power|EN
Atoms|MDPI AG|2218-2004||095b768852fa4287bf461bc17bea1d96|Nuclear and particle physics. Atomic energy. Radioactivity|EN
Beilstein Journal of Nanotechnology|Beilstein-Institut|2190-4286||43dd6a17fe014adb99524e47f3798412|Technology#Chemical technology#Science#Physics|EN
Biophysics and Physicobiology|The Biophysical Society of Japan|2189-4779||51d3796150224c23bcf2de9a04446824|Biology (General)#Physiology#Physics|EN
BioTechniques|Future Science Ltd|1940-9818|0736-6205|623bbeb3c70f4ee1884abc498b832f0f|Biology (General)|EN
Catalysts|MDPI AG||2073-4344|1154cd82c51749a9a950bb5fe589f63c|Chemical technology#Chemistry|EN
Communicating Astronomy with the Public Journal|International Astronomical Union|1996-563X|1996-5621|1ebf42c8810f42039ec843c83ad419c0|Communication. Mass media#Astronomy|EN
Colloids and Interfaces|MDPI AG|2504-5377||731b779f6cae4b00b08a188b1058a8b5|Chemistry|EN
Communications Physics|Nature Publishing Group|2399-3650||2249f038d14048ed8ac71d940435ffe3|Astrophysics#Physics|EN
Компьютерная оптика|Samara National Research University|2412-6179|0134-2452|68082adc32cd4821a9f4af75c5c2ebbc|Information theory#Optics. Light|EN#RU
Concepts in Magnetic Resonance: Part A, Bridging Education and Research|Hindawi-Wiley|1552-5023|1546-6086|27bbe1e3e78f4203be19a7b4410b29f1|Medical physics. Medical radiology. Nuclear medicine#Atomic physics. Constitution and properties of matter|EN
Condensed Matter|MDPI AG|2410-3896||cbcd42ee9a1348a4b64bb719d83b2471|Physics|EN
Condensed Matter Physics|Institute for Condensed Matter Physics|2224-9079|1607-324X|4ba96d5957c344d3a8820b7a150ddbdb|Physics|EN
Contributions to Geophysics and Geodesy|Earth Science Institute, Slovak Academy of Sciences, Slovakia|1338-0540||da337dad52ea4fe9971bd307701aa1d3|Geodesy#Geophysics. Cosmic physics|EN
Crystals|MDPI AG||2073-4352|f1cac1b8fb6941e0b7663f1bb1ded7d0|Crystallography|EN
East European Journal of Physics|V.N. Karazin Kharkiv National University Publishing|2312-4539|2312-4334|b2abad4d3ada46928e65ebf6454f148a|Physics|EN#RU#UK
e-Journal of Surface Science and Nanotechnology|The Japan Society of Vacuum and Surface Science|1348-0391||61cb195880504320aede8d63190e61f4|Technology|EN
Entropy|MDPI AG|1099-4300||30ac6c92923b43e1b325b7e0afea33ee|Science#Astrophysics#Physics|EN
EPJ Applied Metamaterials|EDP Sciences|2272-2394||2d283dfcd77a42988c65b50b8be98d75|Electrical engineering. Electronics. Nuclear engineering#Physics|EN
EPJ Photovoltaics|EDP Sciences|2105-0716||dba1697ca05b43879df473214a7ecd5c|Renewable energy sources|EN
EPJ Quantum Technology|SpringerOpen|2196-0763||f4a69ec14c5c4fa2b3f8cfce1df484e4|Optics. Light#Atomic physics. Constitution and properties of matter|EN
European Physical Journal C: Particles and Fields|SpringerOpen|1434-6052|1434-6044|61e72fe144bf4e3d86eb855c74788b0f|Astrophysics#Nuclear and particle physics. Atomic energy. Radioactivity|EN
Fluids|MDPI AG|2311-5521||86fc21eb4d3140bf963ba66d02661dca|Thermodynamics#Descriptive and experimental mechanics|EN
Frontiers in Astronomy and Space Sciences|Frontiers Media S.A.|2296-987X||4a42bdc42c48466c88ea84e7e2f8111d|Astronomy#Geophysics. Cosmic physics|EN
Frontiers in Materials|Frontiers Media S.A.|2296-8016||8492bdda1ecb48a5bfeb362976cc05da|Technology|EN
Frontiers in Physics|Frontiers Media S.A.|2296-424X||948969fde051424f9a8643e911db4ed6|Physics|EN
Galaxies|MDPI AG||2075-4434|62fd76e63f5a413da05d2f665c70c7c2|Astronomy|EN
Geodesy and Geodynamics|KeAi||1674-9847|832cc7c2d4c34d5eb6b77acd7f24e6db|Geodesy#Geophysics. Cosmic physics|EN
Geodinamika i Tektonofizika|Institute of the Earth's crust, Siberian Branch of RAS|2078-502X||08eb6ad3feb945b489bea68eac361e4d|Science|EN#RU
Green Energy & Environment|KeAi|2468-0257||e9f85340ac9b4320b039abd90216990e|Renewable energy sources#Ecology|EN
IEEE Photonics Journal|IEEE|1943-0655||423d7acb4c494bfdae20e388a0aef441|Applied optics. Photonics#Optics. Light|EN
Indian Journal of Biochemistry and Biophysics|NISCAIR|0975-0959|0301-1208|7471c63ac7af46b09543db141359e598|Biochemistry|EN
InfoMat|Wiley|2567-3165||fa655c9bd2c6404c8fc5a3e46a6c45cb|Materials of engineering and construction. Mechanics of materials#Information technology|EN
International Journal of Biological Sciences|Ivyspring International Publisher|1449-2288||47927ce576914174acd6a4ff1366a9c5|Biology (General)|EN
International Journal of Geophysics|Hindawi Limited|1687-8868|1687-885X|f37335989e5b4565abda8d5b5e799a13|Geophysics. Cosmic physics|EN
International Journal of Optics|Hindawi Limited|1687-9392|1687-9384|79bec13206be4309aae4a540f81ddf4a|Optics. Light|EN
International Journal of Photoenergy|Hindawi Limited|1687-529X|1110-662X|a35299157369429cacbdfc224eaf744d|Renewable energy sources|EN
International Journal of Smart and Nano Materials|Taylor & Francis Group|1947-542X|1947-5411|e0729e9169b9492a980a41b5ae742a70|Materials of engineering and construction. Mechanics of materials|EN
Iranian Journal of Catalysis|Islamic Azad University||2252-0236|0a8ed9c321c743eab2710e4d2bbc7359|Chemistry|EN
Известия высших учебных заведений: Прикладная нелинейная динамика|Saratov State University|2542-1905|0869-6632|2886caae585e4d0ea96624391746b59a|Physics|EN#RU
Johnson Matthey Technology Review |Johnson Matthey Plc|2056-5135||cc745d6a587347998c8e5543f446dd42|Chemical technology|EN
Journal of Advanced Ceramics|SpringerOpen|2227-8508|2226-4108|b0754c4afb2c4c03906917b7b136ba52|Clay industries. Ceramics. Glass|EN
Journal of Advanced Dielectrics|World Scientific Publishing|2010-1368|2010-135X|0470e9eaa07640fd92a698010edf9573|Electricity|EN
Journal of Applied Biomaterials & Functional Materials|SAGE Publishing|2280-8000||0f87cc4c965d4ff5929f468edac14d8a|Biotechnology|EN
Journal of Asian Ceramic Societies|Taylor & Francis Group|2187-0764||f5ca2205412a4dd196c0d83555a81e4c|Clay industries. Ceramics. Glass|EN
Journal of Astronomy and Space Sciences|Korean Space Science Society (KSSS)|2093-1409|2093-5587|52b2088a93c84777850286b80186ba9c|Astronomy|EN
Journal of Cellular and Molecular Medicine |Wiley|1582-4934|1582-1838|bcb180e8b8324d5bb370f924390fef55|Medicine#Medicine (General)|EN
Journal of Enzyme Inhibition and Medicinal Chemistry|Taylor & Francis Group|1475-6374|1475-6366|6f6273990428406eb32194f8b16c384c|Therapeutics. Pharmacology|EN
Journal of Experimental Nanoscience|Taylor & Francis Group|1745-8099|1745-8080|9e8af68c997a488eb5efce06e32ffd18|Materials of engineering and construction. Mechanics of materials#Chemical technology|EN
Journal of High Energy Physics|SpringerOpen|1029-8479||398769d288e14bf5866ae5e9c0ad53b2|Nuclear and particle physics. Atomic energy. Radioactivity|EN
Journal of Materials Research and Technology|Elsevier|2214-0697|2238-7854|a8a3f8f62b4f4d4691e32a71bcbd3286|Mining engineering. Metallurgy|EN
Journal of Nanomaterials|Hindawi Limited|1687-4129|1687-4110|9cd6264016cf468e936fdb90728de490|Technology (General)|EN
Journal of Physics Communications|IOP Publishing|2399-6528||f2936121500f4a849f49571f17312206|Science#Physics|EN
JOURNAL OF PHYSICS-PHOTONICS ||||||
Journal of Research of the National Institute of Standards and Technology|The National Institute of Standards and Technology|2165-7254|1044-677X|d468570af46642e0acf585c5c4c74fc3|Physics|EN
Journal of Science: Advanced Materials and Devices|Elsevier|2468-2179|2468-2284|8210dd8d64964543822d856b94a714ff|Materials of engineering and construction. Mechanics of materials|EN
Journal of Space Weather and Space Climate |EDP Sciences|2115-7251||c3d546950b374d16b74485a5acc42ddc|Meteorology. Climatology|EN
Journal of the European Optical Society-Rapid Publications|SpringerOpen|1990-2573||f85370da8fb94197908c196f3f41dab0|Applied optics. Photonics#Optics. Light|EN
Latvian Journal of Physics and Technical Sciences|Sciendo|2255-8896|0868-8257|a287df628543454e90fd52704a31c62d|Physics|EN
Light: Science & Applications|Nature Publishing Group|2047-7538||5dc691e1c8c74890a175db9d388333ba|Applied optics. Photonics#Optics. Light|EN
Living Reviews in Relativity|SpringerOpen|1433-8351||00fce6dc4ee4432797df1fcb8f24b6f4|Atomic physics. Constitution and properties of matter|EN
Living Reviews in Solar Physics|SpringerOpen||1614-4961|bb566a8f568d486eb27ab31dfe42e30d|Astronomy#Physics|EN
Magnetic Resonance in Solids|Kazan Federal University||2072-5981|ef4d40895cb54e0d99e91cacb8aa420e|Electricity and magnetism|EN
Magnetochemistry|MDPI AG|2312-7481||2d1869db59304d948037e92ea588959d|Chemistry|EN
Mass Spectrometry Letters|Korean Society for Mass Spectrometry|2093-8950|2233-4203|f55bb160a07f4dcb80e507317713832a|Analytical chemistry|EN
Materials Research Express|IOP Publishing|2053-1591||45bf0e93caae4c039d0938713d107163|Materials of engineering and construction. Mechanics of materials#Chemical technology|EN
Materials Research Letters|Taylor & Francis Group|2166-3831||289becb3a1c34fd2b1d24e667b8efa66|Materials of engineering and construction. Mechanics of materials|EN
Matter and Radiation at Extremes|AIP Publishing LLC|2468-080X||60250876a9c04e64b5a1f6be3f0b41ed|Nuclear and particle physics. Atomic energy. Radioactivity|EN
Metals|MDPI AG||2075-4701|d0f04cc986514a80a837fa36b22912a6|Mining engineering. Metallurgy|EN
Metrology and Measurement Systems|Polish Academy of Sciences|2300-1941||d6315a65d35f4b21854064055b37ddae|Technology|EN
Micro and Nano Engineering|Elsevier|2590-0072||f19756b070754acbbc310505b6b92ab7|Electronics#Technology (General)|EN
Molecular Systems Biology|Wiley|1744-4292||021bfe23d6d7498bb8c1115d0486e20a|Evolution#Cytology|EN
Momento|Universidad Nacional de Colombia|2500-8013|0121-4470|0284adee1d8a4b11b7f8c114cceba8e2|Physics#Optics. Light|EN#ES
Nanocomposites|Taylor & Francis Group|2055-0332||d4e3506af00b44f09ae07cc67fd038f0|Materials of engineering and construction. Mechanics of materials#Polymers and polymer manufacture|EN
Nano Convergence|SpringerOpen|2196-5404||6d20ae6c4fe6416999ef0fe2e771fe48|Technology#Chemical technology#Biotechnology#Science#Physics|EN
Nanomaterials|MDPI AG||2079-4991|f424a066273c4eb595daa9a28e63494a|Chemistry|EN
Nanomaterials and Nanotechnology|SAGE Publishing|1847-9804||49a4cad3a9ea4e50a5975004cb10b653|Technology (General)|EN
Nano-Micro Letters|SpringerOpen|2150-5551|2311-6706|3f07d00ae5134de6a5692cd0bc22032f|Technology|EN
Nanophotonics|De Gruyter|2192-8614||38b8425b6bdd4d7e9184af9759b9aa4e|Physics|EN
Nanoscale Research Letters|SpringerOpen|1556-276X|1931-7573|bb6739caa86d4fcea2a08e35d559f921|Materials of engineering and construction. Mechanics of materials|EN
Nanotechnology Reviews|De Gruyter|2191-9097|2191-9089|b410ddb87de44c4e9dc878a2126bac1c|Technology#Chemical technology#Physical and theoretical chemistry|EN
New Journal of Physics|IOP Publishing|1367-2630||c63ca2415e0945fa9bdafe2d82b4ef84|Science#Physics|EN
Noise Mapping|De Gruyter|2084-879X||ca2377e2eafc4ce8a6d971772b2d3fc1|Environmental technology. Sanitary engineering|EN
npj 2D Materials and Applications|Nature Publishing Group|2397-7132||d5a80b4905e341c1b5f0a0ec737a18f3|Materials of engineering and construction. Mechanics of materials#Chemistry|EN
npj Computational Materials|Nature Publishing Group|2057-3960||dbaf998eee0349028d5aa41d9d50d3c6|Materials of engineering and construction. Mechanics of materials#Computer software|EN
npj Quantum Information|Nature Publishing Group|2056-6387||130b4bc3adaf40878f014feac41c0928|Physics#Electronic computers. Computer science|EN
npj Quantum Materials|Nature Publishing Group|2397-4648||0de69adac2a94d52a30969855fca1536|Materials of engineering and construction. Mechanics of materials#Atomic physics. Constitution and properties of matter|EN
NUCLEAR PHYSICS AND ATOMIC ENERGY||||||
Nukleonika|Sciendo||0029-5922|20260ff8bac34c5c9ea6b88df7fec743|Science|EN
Open Astronomy|De Gruyter|2543-6376||6804baf9f7b84c5f86afeb0bb565c987|Astronomy|EN
Open Physics|De Gruyter|2391-5471||9b8cebc3db6c4dbd8b21fca77e2a6a99|Physics|EN
Optica|Optical Society of America (OSA)|2334-2536||41b6221761f74fe6b534ec2f23d51669|Applied optics. Photonics#Optics. Light|EN
Optical Materials Express|Optical Society of America (OSA)|2159-3930||eeb6e8a7060f4560ba0b083d04e099a1|Applied optics. Photonics#Optics. Light|EN
Optics Express|Optical Society of America (OSA)|1094-4087||52cbdb75606c4d5e8e261136300a0bf6|Applied optics. Photonics#Optics. Light|EN
OSA Continuum|Optical Society of America (OSA)|2578-7519||e9949d9278274e43bbe133e8ee739ec3|Applied optics. Photonics#Optics. Light|EN
Papers in Physics|Papers in Physics||1852-4249|5747c17a20d2460a8669dea6ab138483|Science#Physics|EN
Photonics|MDPI AG|2304-6732||8b190b0f9e7d4a4f83a00106f2dbc498|Applied optics. Photonics|EN
Photonic Sensors|SpringerOpen|2190-7439|1674-9251|deefc326482c42d086d903d420718085|Applied optics. Photonics|EN
Physical Review Accelerators and Beams|American Physical Society|2469-9888||7db023a348a7446b8bb999b8b528d181|Nuclear and particle physics. Atomic energy. Radioactivity|EN
Physical Review Physics Education Research|American Physical Society|2469-9896||63f8f3ed7788467b924b55d44c2bb539|Special aspects of education|EN
Physical Review X|American Physical Society|2160-3308||626133f01f164a60a230e4c0b00eca73|Physics|EN
Фізика і хімія твердого тіла|Vasyl Stefanyk Precarpathian National University|2309-8589|1729-4428|61dcea2b5b5f43e9a90185c4bae7af8c|Physics|EN#UK
Processing and Application of Ceramics|University of Novi Sad|2406-1034|1820-6131|5ac40b2234c64a14a7081df42f8c5763|Clay industries. Ceramics. Glass|EN
Pteridines|De Gruyter|2195-4720|0933-4807|c7978d21ff8841db8ac6554bbe77928e|Crystallography|EN
Quantum|Verein zur Förderung des Open Access Publizierens in den Quantenwissenschaften|2521-327X||1acfa7631c61425d9d56579b20428a3a|Physics|EN
Quantum Beam Science|MDPI AG|2412-382X||e42de4e2ef854bccbff413a33b2bd022|Technology#Electrical engineering. Electronics. Nuclear engineering|EN
Revista Cubana de Física|Universidad de La Habana; Sociedad Cubana de Física|2224-7939|0253-9268|4532f599d6224b73924037eb068666d0|Physics|EN#ES
Science and Technology of Advanced Materials|Taylor & Francis Group|1878-5514|1468-6996|0d413f5384be44c3a33afc9448213acb|Materials of engineering and construction. Mechanics of materials#Biotechnology|EN
SciPost Physics|SciPost|2542-4653||bd93f82aa7ee4354a00dbac12339a6cc|Physics|EN
Semiconductor Physics, Quantum Electronics & Optoelectronics |National Academy of Sciences of Ukraine. Institute of Semi conductor physics. |1605-6582|1560-8034|faf3b7c220d24549a78414f8e7cff3ae|Physics|EN
Serbian Astronomical Journal|Astronomical Observatory, Department of Astronomy, Belgrade|1820-9289|1450-698X|4edbf6a89a504239a83a05e944f31726|Astronomy|EN
Solar-Terrestrial Physics|INFRA-M |2500-0535||9d17a083ee224453a16d086485ebaf6b|Astrophysics|EN
Structural Dynamics|AIP Publishing LLC and ACA|2329-7778||8a80388361f64bfaa7e0114b1a686801|Crystallography|EN
Symmetry, Integrability and Geometry: Methods and Applications|National Academy of Science of Ukraine|1815-0659||93a0e807d4f344cf8ef193783e9807ab|Mathematics|EN
Universe|MDPI AG|2218-1997||9f425d86b4264057a6825e335e2fe50a|Elementary particle physics|EN
Vestnik Samarskogo Gosudarstvennogo Tehničeskogo Universiteta. Seriâ: Fiziko-Matematičeskie Nauki|Samara State Technical University|2310-7081|1991-8615|fe16734711884bb6be3220a924649c2d|Mathematics|EN#RU
Environmental Research Communications|IOP Publishing|2515-7620||6dcc4be65e374fe4a217a2d2a9a8d1c0|Environmental sciences#Meteorology. Climatology|EN